ФИО,Часы работы
Возисов Андрей Петрович,15
Возисов Макар Петрович,270
Бочкарёв Макар Петрович,274
Бочкарёв Вячеслав Петрович,70
Возисов Андрей Вячеславович,301
Бочкарёв Вячеслав Петрович,305
Дмитриенко Макар Вячеславович,310
Глазырин Андрей Петрович,137
Возисов Макар Владиславович,190
Бочкарёв Андрей Вячеславович,96
Бочкарёв Максим Вячеславович,340
Дмитриенко Максим Вячеславович,107
Глазырин Андрей Викторович,43
Глазырин Макар Вячеславович,129
Глазырин Макар Владиславович,212
Дмитриенко Андрей Петрович,326
Дмитриенко Вячеслав Петрович,188
Дмитриенко Вячеслав Вячеславович,295
Дмитриенко Макар Владиславович,85
Возисов Андрей Петрович,263
Возисов Андрей Владиславович,49
Дмитриенко Андрей Петрович,180
Бочкарёв Максим Викторович,328
Бочкарёв Вячеслав Петрович,95
Дмитриенко Андрей Вячеславович,152
Бочкарёв Макар Петрович,275
Возисов Максим Владиславович,334
Глазырин Андрей Вячеславович,33
Дмитриенко Вячеслав Владиславович,102
Возисов Андрей Викторович,263
Дмитриенко Макар Викторович,32
Дмитриенко Вячеслав Вячеславович,85
Глазырин Макар Викторович,63
Бочкарёв Андрей Петрович,209
Дмитриенко Вячеслав Викторович,122
Дмитриенко Макар Петрович,191
Дмитриенко Андрей Петрович,138
Возисов Андрей Петрович,153
Дмитриенко Андрей Вячеславович,267
Глазырин Максим Петрович,281
Глазырин Макар Викторович,108
Дмитриенко Андрей Петрович,230
Возисов Андрей Владиславович,273
Глазырин Вячеслав Владиславович,57
Дмитриенко Андрей Петрович,13
Глазырин Вячеслав Вячеславович,221
Бочкарёв Максим Викторович,124
Дмитриенко Макар Вячеславович,124
Дмитриенко Вячеслав Вячеславович,185
Глазырин Макар Викторович,174
Возисов Андрей Викторович,244
Бочкарёв Максим Викторович,203
Возисов Макар Петрович,84
Возисов Макар Владиславович,231
Бочкарёв Андрей Викторович,107
Глазырин Максим Вячеславович,115
Глазырин Макар Викторович,44
Возисов Вячеслав Петрович,21
Дмитриенко Андрей Викторович,285
Глазырин Вячеслав Викторович,231
Бочкарёв Вячеслав Петрович,137
Дмитриенко Андрей Владиславович,217
Бочкарёв Максим Вячеславович,80
Возисов Вячеслав Владиславович,330
Дмитриенко Андрей Владиславович,106
Глазырин Вячеслав Петрович,116
Дмитриенко Максим Вячеславович,91
Возисов Максим Владиславович,143
Глазырин Макар Вячеславович,110
Дмитриенко Макар Викторович,164
Бочкарёв Андрей Викторович,320
Дмитриенко Макар Петрович,166
Бочкарёв Максим Викторович,81
Возисов Максим Вячеславович,53
Бочкарёв Максим Владиславович,315
Бочкарёв Вячеслав Владиславович,87
Дмитриенко Макар Викторович,275
Возисов Вячеслав Владиславович,124
Возисов Андрей Викторович,105
Бочкарёв Андрей Вячеславович,150
Возисов Макар Петрович,92
Дмитриенко Макар Владиславович,240
Дмитриенко Максим Петрович,129
Возисов Вячеслав Владиславович,23
Глазырин Вячеслав Вячеславович,211
Бочкарёв Вячеслав Петрович,200
Дмитриенко Максим Викторович,60
Глазырин Андрей Владиславович,291
Бочкарёв Андрей Петрович,64
Возисов Максим Вячеславович,165
Дмитриенко Максим Петрович,256
Возисов Макар Петрович,83
Бочкарёв Андрей Викторович,267
Дмитриенко Вячеслав Владиславович,215
Глазырин Андрей Владиславович,144
Бочкарёв Макар Вячеславович,209
Дмитриенко Макар Владиславович,262
Глазырин Максим Викторович,278
Возисов Андрей Петрович,115
Дмитриенко Вячеслав Петрович,120
